,Name,TeamName,SkillName,Value,isUnCap,tp,batting_second,batting_first,Abu Dhabi,Ahmedabad,Bengaluru,Chennai,Delhi,Dubai,Hyderabad,Jaipur,Kolkata,Mohali,Mumbai,Sharjah,Visakhapatnam,vp
0,David Warner,Sunrisers Hyderabad,BATSMAN,12.0,0,54.94,42.64,74.29,40.4,0.0,0.0,44.33,39.0,44.67,82.86,50.0,112.0,86.0,0.0,50.5,0.0,4.58
1,Rohit Sharma,Mumbai Indians,BATSMAN,12.0,0,39.58,35.0,41.96,46.62,0.0,72.0,50.14,37.33,39.6,23.5,6.0,23.0,47.0,40.17,11.33,0.0,3.3
2,Virat Kohli,Royal Challengers Bangalore,BATSMAN,12.0,0,42.32,45.13,40.69,26.17,35.0,45.29,30.5,45.0,47.0,-3.0,26.0,163.0,83.0,36.67,44.4,0.0,3.53
3,Lokesh Rahul,Punjab Kings,WICKET KEEPER,11.5,0,62.02,64.16,60.1,45.6,75.5,59.0,47.0,15.0,71.44,103.0,21.0,9.0,59.86,92.5,64.4,0.0,5.39
4,Andre Russell,Kolkata Knight Riders,ALL ROUNDER,11.0,0,47.68,44.67,50.05,30.78,37.5,0.0,62.25,125.0,37.0,19.0,0.0,86.86,73.0,8.0,48.5,0.0,4.33
5,AB de Villiers,Royal Challengers Bangalore,WICKET KEEPER,11.0,0,44.15,33.53,50.52,31.67,68.5,58.29,50.25,27.0,45.0,1.0,15.0,0.0,72.0,39.67,38.2,0.0,4.01
6,Jasprit Bumrah,Mumbai Indians,BOWLER,11.0,0,45.47,36.78,51.72,55.9,0.0,83.0,26.29,48.67,67.86,46.5,37.0,-2.0,2.0,34.86,44.67,0.0,4.13
7,Jos Buttler,Rajasthan Royals,WICKET KEEPER,10.5,0,48.75,50.63,44.78,53.0,0.0,0.0,23.0,117.5,31.83,6.0,68.25,0.0,42.0,49.17,17.5,0.0,4.64
8,Shikhar Dhawan,Delhi Capitals,BATSMAN,10.5,0,49.72,54.28,44.29,54.5,50.67,4.0,43.67,48.14,41.45,8.0,72.0,132.0,42.0,86.25,47.2,22.5,4.73
9,Rashid Khan,Sunrisers Hyderabad,BOWLER,10.5,0,43.26,35.68,53.78,38.4,0.0,24.0,41.83,56.33,48.18,43.14,45.0,43.0,29.0,12.0,37.4,76.0,4.12
10,Kagiso Rabada,Delhi Capitals,BOWLER,10.5,0,50.46,44.43,56.8,63.17,40.0,112.0,20.5,41.0,43.45,146.0,74.0,56.0,58.0,51.0,41.2,0.0,4.81
11,Quinton de Kock,Mumbai Indians,WICKET KEEPER,10.5,0,49.6,52.72,47.36,46.7,0.0,27.0,17.67,64.33,47.86,48.5,85.0,8.0,82.0,69.43,61.75,0.0,4.72
12,Ben Stokes,Rajasthan Royals,ALL ROUNDER,10.5,0,43.44,47.5,35.33,101.0,0.0,0.0,82.0,0.0,29.2,38.0,29.33,21.0,0.0,16.0,0.0,0.0,4.14
13,MS Dhoni,Chennai Super Kings,WICKET KEEPER,10.0,0,29.05,28.04,30.53,24.5,0.0,117.0,47.57,14.67,22.0,18.0,76.0,26.0,18.0,15.83,25.2,22.0,2.9
14,Jofra Archer,Rajasthan Royals,BOWLER,10.0,0,46.84,52.76,34.25,50.0,0.0,0.0,76.0,0.0,55.83,-2.0,22.5,39.0,110.0,79.0,49.67,0.0,4.68
15,Rishabh Pant,Delhi Capitals,WICKET KEEPER,10.0,0,44.07,40.17,49.0,30.6,36.33,48.0,33.0,37.57,41.8,34.0,98.0,64.0,68.0,61.75,40.25,66.5,4.41
16,Hardik Pandya,Mumbai Indians,ALL ROUNDER,10.0,0,37.17,29.0,42.62,40.67,0.0,60.0,19.43,39.67,19.6,23.5,31.0,23.0,46.0,70.0,23.67,0.0,3.72
17,Eoin Morgan,Kolkata Knight Riders,BATSMAN,9.5,0,28.96,26.5,30.93,27.73,39.5,0.0,22.67,0.0,34.6,0.0,0.0,0.0,0.0,8.0,35.25,0.0,3.05
18,Pat Cummins,Kolkata Knight Riders,BOWLER,9.5,0,38.24,23.25,47.46,35.25,74.5,0.0,39.33,0.0,81.67,0.0,0.0,0.0,0.0,7.0,-1.67,0.0,4.03
19,Nicholas Pooran,Punjab Kings,WICKET KEEPER,9.5,0,28.18,38.47,19.61,28.2,15.0,61.0,4.0,0.0,45.33,33.0,13.0,0.0,34.75,6.0,15.8,0.0,2.97
20,Shreyas Iyer,Delhi Capitals,BATSMAN,9.5,0,39.71,33.42,46.0,37.5,0.0,89.0,60.0,44.86,36.64,62.0,20.0,7.0,33.0,32.0,45.8,17.5,4.18
21,Kane Williamson,Sunrisers Hyderabad,BATSMAN,9.5,0,33.37,33.12,33.69,60.75,0.0,95.0,51.0,31.5,38.0,17.0,15.0,0.0,0.0,3.0,12.2,30.0,3.51
22,Steve Smith,Delhi Capitals,BATSMAN,9.5,0,33.15,27.08,47.7,21.4,24.67,8.0,45.33,0.0,22.0,0.0,50.86,2.0,0.0,11.0,58.0,0.0,3.49
23,Chris Gayle,Punjab Kings,BATSMAN,9.5,0,44.8,39.67,48.22,48.0,27.33,35.0,30.33,99.0,31.67,5.0,107.0,30.0,51.17,45.25,56.0,0.0,4.72
24,Sanju Samson,Rajasthan Royals,WICKET KEEPER,9.5,0,46.87,46.29,47.86,44.14,0.0,50.0,13.0,40.67,36.89,142.0,35.2,28.0,37.0,51.83,87.0,0.0,4.93
25,Kieron Pollard,Mumbai Indians,ALL ROUNDER,9.5,0,30.93,31.11,30.81,34.2,0.0,5.0,23.14,67.67,20.86,62.0,20.0,0.0,7.0,33.14,30.0,0.0,3.26
26,Jonny Bairstow,Sunrisers Hyderabad,WICKET KEEPER,9.5,0,54.82,57.67,49.7,43.0,0.0,0.0,53.33,37.0,47.71,90.17,0.0,48.0,1.0,0.0,51.0,0.0,5.77
27,Mayank Agarwal,Punjab Kings,BATSMAN,9.5,0,49.69,53.72,45.41,49.67,88.5,54.0,23.67,10.0,53.62,37.0,27.0,96.0,39.43,38.0,74.75,0.0,5.23
28,Suresh Raina,Chennai Super Kings,BATSMAN,9.5,0,28.52,24.12,33.92,9.5,0.0,0.0,36.75,24.0,21.0,13.5,5.0,69.0,72.0,30.33,23.5,19.0,3.0
29,Faf du Plessis,Chennai Super Kings,BATSMAN,9.5,0,50.97,51.9,49.82,47.67,0.0,15.0,39.4,78.0,35.75,65.0,5.0,63.0,128.0,61.0,61.4,59.0,5.37
30,Trent Boult,Mumbai Indians,BOWLER,9.5,0,41.03,45.67,36.94,26.9,0.0,0.0,34.17,36.0,58.43,0.0,0.0,0.0,0.0,31.0,75.67,32.0,4.32
31,Suryakumar Yadav,Mumbai Indians,BATSMAN,9.5,0,37.82,33.61,40.73,47.2,0.0,52.0,48.57,22.0,22.43,12.0,49.0,38.0,13.0,44.86,34.75,0.0,3.98
32,Dinesh Karthik,Kolkata Knight Riders,WICKET KEEPER,9.0,0,23.22,14.18,29.62,24.91,20.5,22.0,20.5,77.0,24.2,7.0,0.0,31.29,25.0,16.0,9.0,0.0,2.58
33,Axar Patel,Delhi Capitals,ALL ROUNDER,9.0,0,36.55,34.3,39.06,23.67,40.0,34.0,54.5,46.83,39.6,19.0,25.0,8.0,0.0,32.0,42.75,26.0,4.06
34,Shakib Al Hasan,Kolkata Knight Riders,ALL ROUNDER,9.0,0,28.86,36.33,23.25,0.0,0.0,0.0,27.5,0.0,37.0,0.0,34.0,21.0,0.0,0.0,0.0,0.0,3.21
35,Jason Holder,Sunrisers Hyderabad,ALL ROUNDER,9.0,0,66.77,75.67,46.75,69.5,0.0,0.0,83.0,0.0,42.5,0.0,0.0,0.0,0.0,0.0,97.75,0.0,7.42
36,Sunil Narine,Kolkata Knight Riders,ALL ROUNDER,9.0,0,38.41,34.64,41.33,49.12,35.0,45.0,56.0,0.0,21.0,32.0,73.0,50.67,0.0,13.67,36.67,0.0,4.27
37,Jason Roy,Sunrisers Hyderabad,BATSMAN,9.0,0,31.33,80.0,7.0,0.0,0.0,0.0,0.0,0.0,46.0,0.0,0.0,0.0,0.0,0.0,2.0,0.0,3.48
38,Chris Lynn,Mumbai Indians,BATSMAN,9.0,0,45.5,41.2,47.89,0.0,0.0,53.0,40.5,23.0,0.0,65.0,66.0,36.83,71.0,57.0,0.0,0.0,5.06
39,Ambati Rayudu,Chennai Super Kings,BATSMAN,9.0,0,28.88,29.17,28.5,31.33,0.0,41.0,22.62,39.33,39.75,14.0,81.0,-1.0,1.0,15.33,35.75,23.0,3.21
40,Manish Pandey,Sunrisers Hyderabad,BATSMAN,9.0,0,40.69,38.53,43.25,32.8,0.0,26.0,64.25,51.33,41.89,23.75,82.0,9.0,21.0,87.0,28.75,37.0,4.52
41,Chris Morris,Rajasthan Royals,ALL ROUNDER,9.0,0,48.64,60.0,38.8,24.0,0.0,58.0,29.0,42.6,44.17,91.0,31.0,58.0,103.0,64.6,39.67,0.0,5.4
42,Anrich Nortje,Delhi Capitals,BOWLER,9.0,0,42.67,45.44,40.58,36.17,0.0,0.0,0.0,0.0,40.7,0.0,0.0,0.0,0.0,0.0,54.4,0.0,4.74
43,Ravichandran Ashwin,Delhi Capitals,BOWLER,9.0,0,29.18,26.39,31.57,16.6,0.0,47.0,31.0,26.0,35.4,50.0,53.0,-4.0,35.43,15.0,25.6,0.0,3.24
44,Ravindra Jadeja,Chennai Super Kings,ALL ROUNDER,9.0,0,43.09,36.84,51.78,47.83,0.0,61.0,41.57,34.0,38.56,8.5,65.0,44.0,33.0,73.83,21.0,58.0,4.79
45,Marcus Stoinis,Delhi Capitals,ALL ROUNDER,9.0,0,37.11,31.27,41.29,53.6,21.67,33.8,18.5,39.0,38.6,0.0,47.0,46.0,38.0,16.25,58.67,0.0,4.12
46,Sam Curran,Chennai Super Kings,ALL ROUNDER,9.0,0,43.56,37.88,49.25,26.17,0.0,0.0,8.0,40.0,36.71,0.0,44.0,0.0,69.0,42.17,70.0,0.0,4.84
47,Mohammad Shami,Punjab Kings,BOWLER,9.0,0,41.56,50.79,33.59,18.6,18.33,19.0,18.33,37.0,47.11,66.0,16.0,23.0,47.57,51.5,75.4,0.0,4.62
48,Shubman Gill,Kolkata Knight Riders,BATSMAN,9.0,0,34.51,36.24,33.29,36.0,31.5,8.0,28.0,20.0,48.2,3.0,12.0,35.29,84.0,7.0,52.0,0.0,3.83
49,Bhuvneshwar Kumar,Sunrisers Hyderabad,BOWLER,9.0,0,22.62,25.07,20.0,26.0,0.0,60.0,23.2,34.0,18.2,21.57,5.0,8.0,2.0,25.0,15.0,48.0,2.51
50,Glenn Maxwell,Royal Challengers Bangalore,ALL ROUNDER,9.0,0,35.76,23.92,48.58,13.5,15.0,0.0,79.0,0.0,41.33,0.0,0.0,0.0,0.0,21.5,31.6,0.0,3.97
51,Yuzvendra Chahal,Royal Challengers Bangalore,BOWLER,9.0,0,39.32,43.07,37.15,42.17,22.5,35.57,26.25,56.0,48.67,23.0,64.0,-6.0,58.0,31.0,46.8,0.0,4.37
52,Devdutt Padikkal,Royal Challengers Bangalore,BATSMAN,9.0,1,46.19,50.89,43.71,54.0,14.5,0.0,24.0,0.0,40.67,0.0,0.0,0.0,0.0,97.0,48.0,0.0,5.13
53,Ishan Kishan,Mumbai Indians,WICKET KEEPER,9.0,0,33.34,42.08,26.25,25.43,0.0,0.0,17.17,0.0,55.43,30.5,0.0,0.0,0.0,13.75,60.67,0.0,3.7
54,Mustafizur Rahman,Rajasthan Royals,BOWLER,8.5,0,32.25,28.67,35.83,28.0,0.0,0.0,0.0,61.0,31.0,0.0,0.0,0.0,0.0,23.2,0.0,0.0,3.79
55,Josh Hazlewood,Chennai Super Kings,BOWLER,8.5,0,24.67,32.25,18.6,27.0,0.0,0.0,0.0,0.0,20.0,0.0,0.0,0.0,0.0,0.0,27.0,0.0,2.9
56,Mohammad Nabi,Sunrisers Hyderabad,ALL ROUNDER,8.5,0,47.09,57.0,38.83,17.0,0.0,1.0,66.0,45.5,0.0,68.0,0.0,0.0,10.0,84.0,0.0,45.0,5.54
57,Moeen Ali,Chennai Super Kings,ALL ROUNDER,8.5,0,45.69,36.89,50.35,21.33,0.0,35.8,42.0,72.0,22.25,0.0,22.0,97.0,39.0,91.6,27.0,0.0,5.38
58,Imran Tahir,Chennai Super Kings,BOWLER,8.5,0,43.24,38.08,51.62,35.0,0.0,25.0,53.75,31.0,0.0,60.0,0.0,110.0,8.0,49.5,17.0,33.0,5.09
59,Umesh Yadav,Delhi Capitals,BOWLER,8.5,0,18.23,16.33,19.86,0.0,0.0,40.2,1.0,25.0,4.0,4.0,6.0,0.0,-2.0,-6.0,0.0,0.0,2.14
60,Ajinkya Rahane,Delhi Capitals,BATSMAN,8.5,0,30.4,29.87,31.2,27.75,0.0,0.0,0.0,10.0,17.25,90.0,44.43,53.0,39.0,21.33,13.0,0.0,3.58
61,Wriddhiman Saha,Sunrisers Hyderabad,WICKET KEEPER,8.5,0,39.88,38.57,40.89,45.0,0.0,38.0,23.0,0.0,44.25,39.0,13.0,0.0,0.0,34.0,53.25,33.0,4.69
62,Dwayne Bravo,Chennai Super Kings,ALL ROUNDER,8.5,0,37.62,37.0,38.45,79.0,0.0,55.0,22.83,84.0,34.83,21.0,0.0,0.0,3.0,28.0,56.67,80.0,4.43
63,Jhye Richardson,Punjab Kings,BOWLER,8.5,0,35.33,0.0,35.33,0.0,0.0,0.0,0.0,0.0,0.0,0.0,0.0,0.0,0.0,35.33,0.0,0.0,4.16
64,Adam Zampa,Royal Challengers Bangalore,BOWLER,8.5,0,19.33,0.0,29.0,19.5,0.0,0.0,0.0,0.0,19.0,0.0,0.0,0.0,0.0,0.0,0.0,0.0,2.27
65,Lockie Ferguson,Kolkata Knight Riders,BOWLER,8.5,0,34.43,35.2,34.0,53.67,0.0,-6.0,0.0,25.0,-6.0,0.0,0.0,5.67,0.0,0.0,65.0,0.0,4.05
66,Kyle Jamieson,Royal Challengers Bangalore,BOWLER,8.5,0,29.67,29.5,29.8,-8.0,36.5,0.0,54.33,0.0,0.0,0.0,0.0,0.0,0.0,19.5,0.0,0.0,3.49
67,Ravi Bishnoi,Punjab Kings,BOWLER,8.5,1,34.68,33.36,36.0,18.2,28.33,0.0,54.0,0.0,45.25,0.0,0.0,0.0,0.0,0.0,34.2,0.0,4.08
68,Dawid Malan,Punjab Kings,BATSMAN,8.5,0,37.0,0.0,37.0,0.0,37.0,0.0,0.0,0.0,0.0,0.0,0.0,0.0,0.0,0.0,0.0,0.0,4.35
69,Navdeep Saini,Royal Challengers Bangalore,BOWLER,8.5,0,18.68,14.1,21.22,24.0,0.0,35.86,4.0,23.0,12.0,0.0,0.0,25.0,4.0,-1.0,15.5,0.0,2.2
70,Nitish Rana,Kolkata Knight Riders,BATSMAN,8.5,1,37.17,40.94,34.5,28.73,15.0,77.0,55.0,1.0,43.2,12.0,0.0,56.43,25.0,27.33,37.5,0.0,4.37
71,Deepak Chahar,Chennai Super Kings,BOWLER,8.5,0,34.05,34.88,32.76,25.6,0.0,52.0,39.25,12.33,28.89,62.0,66.0,0.0,0.0,45.83,30.0,58.0,4.01
72,Krunal Pandya,Mumbai Indians,ALL ROUNDER,8.5,0,29.45,20.28,35.81,21.9,0.0,9.0,36.86,62.0,17.14,20.0,-2.0,0.0,68.0,41.43,27.0,0.0,3.47
73,Washington Sundar,Royal Challengers Bangalore,ALL ROUNDER,8.5,0,24.96,27.9,22.86,18.4,6.0,38.5,27.67,41.0,20.43,0.0,0.0,0.0,0.0,16.5,41.33,0.0,2.94
74,Rahul Tewatia,Rajasthan Royals,ALL ROUNDER,8.5,1,34.61,36.17,32.46,31.14,0.0,9.0,0.0,18.5,31.78,0.0,0.0,8.0,0.0,35.17,89.0,0.0,4.07
75,Rahul Chahar,Mumbai Indians,BOWLER,8.5,0,32.51,26.12,36.96,30.4,0.0,0.0,49.71,53.0,23.5,52.5,87.0,19.0,0.0,7.17,20.67,0.0,3.83
76,Prithvi Shaw,Delhi Capitals,BATSMAN,8.5,0,31.78,34.91,27.78,12.0,61.0,33.0,31.0,38.57,26.0,4.0,64.0,18.0,0.0,39.0,31.5,37.0,3.74
77,T Natarajan,Sunrisers Hyderabad,BOWLER,8.5,0,30.0,23.67,42.67,34.8,0.0,0.0,25.0,0.0,33.62,0.0,0.0,0.0,0.0,0.0,15.67,0.0,3.53
78,Shardul Thakur,Chennai Super Kings,BOWLER,8.5,0,29.38,30.94,27.36,41.8,0.0,6.0,24.0,13.67,41.67,29.0,48.0,64.0,0.0,18.83,25.75,0.0,3.46
79,Mitchell Marsh,Sunrisers Hyderabad,ALL ROUNDER,8.0,0,0.0,0.0,0.0,0.0,0.0,0.0,0.0,0.0,0.0,0.0,0.0,0.0,0.0,0.0,0.0,0.0,0.0
80,Mujeeb ur Rahman,Sunrisers Hyderabad,BOWLER,8.0,0,0.0,0.0,0.0,0.0,0.0,0.0,0.0,0.0,0.0,0.0,0.0,0.0,0.0,0.0,0.0,0.0,0.0
81,Mitchell Santner,Chennai Super Kings,ALL ROUNDER,8.0,0,30.33,37.6,-6.0,0.0,0.0,0.0,29.0,0.0,30.0,0.0,39.0,25.0,0.0,0.0,0.0,0.0,3.79
82,Sam Billings,Delhi Capitals,WICKET KEEPER,8.0,0,8.0,0.0,8.0,0.0,0.0,0.0,0.0,0.0,0.0,8.0,0.0,0.0,0.0,0.0,0.0,0.0,1.0
83,Moises Henriques,Punjab Kings,ALL ROUNDER,8.0,0,40.5,60.5,20.5,0.0,27.0,0.0,14.0,0.0,0.0,0.0,0.0,0.0,0.0,0.0,107.0,0.0,5.06
84,Ben Cutting,Kolkata Knight Riders,ALL ROUNDER,8.0,0,16.0,22.0,13.0,0.0,0.0,0.0,0.0,2.0,0.0,0.0,24.0,0.0,0.0,22.0,0.0,0.0,2.0
85,Chris Woakes,Delhi Capitals,ALL ROUNDER,8.0,0,54.67,45.5,73.0,0.0,0.0,0.0,0.0,0.0,0.0,0.0,0.0,0.0,0.0,54.67,0.0,0.0,6.83
86,Kedar Jadhav,Sunrisers Hyderabad,BATSMAN,8.0,0,12.96,16.95,4.56,2.67,0.0,11.0,8.89,24.33,7.25,1.0,9.0,29.0,0.0,76.0,15.67,0.0,1.62
87,Harbhajan Singh,Kolkata Knight Riders,BOWLER,8.0,0,34.86,31.89,40.2,0.0,0.0,0.0,36.3,0.0,0.0,2.0,0.0,0.0,73.0,0.0,0.0,50.0,4.36
88,Adam Milne,Mumbai Indians,BOWLER,8.0,0,26.75,50.0,3.5,1.0,0.0,0.0,6.0,0.0,50.0,0.0,0.0,0.0,0.0,0.0,0.0,0.0,3.34
89,Ishant Sharma,Delhi Capitals,BOWLER,8.0,0,26.76,26.36,27.5,0.0,19.67,0.0,0.0,28.67,0.0,2.0,25.0,49.0,0.0,50.0,0.0,49.0,3.35
90,Amit Mishra,Delhi Capitals,BOWLER,8.0,0,32.89,35.27,29.14,50.0,25.0,0.0,51.67,41.83,12.0,6.0,0.0,0.0,0.0,0.0,25.0,34.0,4.11
91,Kuldeep Yadav,Kolkata Knight Riders,BOWLER,8.0,0,12.5,8.67,15.38,3.25,0.0,33.0,6.0,59.0,27.0,0.0,0.0,7.4,0.0,0.0,0.0,0.0,1.56
92,Chris Jordan,Punjab Kings,BOWLER,8.0,0,33.25,32.0,34.14,15.33,31.67,0.0,0.0,0.0,38.75,0.0,0.0,0.0,0.0,0.0,51.5,0.0,4.16
93,Jaydev Unadkat,Rajasthan Royals,BOWLER,8.0,0,23.26,32.6,5.75,-2.0,0.0,25.0,27.0,0.0,21.6,33.0,24.4,19.0,21.0,46.5,-2.0,0.0,2.91
94,David Miller,Rajasthan Royals,BATSMAN,8.0,0,25.68,27.09,23.75,6.5,0.0,26.0,15.0,11.0,0.0,12.0,0.0,84.0,34.25,33.6,0.0,0.0,3.21
95,Jimmy Neesham,Mumbai Indians,ALL ROUNDER,8.0,0,9.83,10.67,9.0,7.5,0.0,0.0,0.0,-6.0,13.5,0.0,0.0,0.0,0.0,0.0,23.0,0.0,1.23
96,Liam Livingstone,Rajasthan Royals,BATSMAN,8.0,0,22.62,24.75,20.5,9.0,0.0,31.0,0.0,33.0,16.33,0.0,58.0,0.0,0.0,1.0,0.0,0.0,2.83
97,Vijay Shankar,Sunrisers Hyderabad,ALL ROUNDER,8.0,0,29.55,30.33,28.27,42.0,0.0,43.0,29.67,16.33,34.17,25.29,8.0,54.0,36.0,20.0,0.0,45.0,3.69
98,Lungi Ngidi,Chennai Super Kings,BOWLER,8.0,0,54.57,58.6,44.5,87.0,0.0,0.0,0.0,22.0,50.0,0.0,0.0,0.0,0.0,95.0,19.0,0.0,6.82
99,Shimron Hetmyer,Delhi Capitals,BATSMAN,8.0,0,25.32,30.0,20.64,39.0,35.33,66.0,5.67,0.0,14.89,35.0,1.0,0.0,0.0,0.0,32.0,0.0,3.17
100,Kane Richardson,Royal Challengers Bangalore,BOWLER,8.0,0,33.0,33.0,0.0,0.0,0.0,0.0,0.0,0.0,0.0,0.0,0.0,0.0,0.0,33.0,0.0,0.0,4.12
101,Sandeep Sharma,Sunrisers Hyderabad,BOWLER,8.0,0,27.39,27.2,27.73,13.0,0.0,0.0,7.5,21.33,22.11,30.14,0.0,23.0,54.0,0.0,48.8,0.0,3.42
102,Nathan Coulter Nile,Mumbai Indians,BOWLER,8.0,0,0.0,0.0,0.0,0.0,0.0,0.0,0.0,0.0,0.0,0.0,0.0,0.0,0.0,0.0,0.0,0.0,0.0
103,Daniel Sams,Royal Challengers Bangalore,ALL ROUNDER,8.0,0,10.6,14.0,5.5,-2.0,16.5,0.0,0.0,0.0,11.0,0.0,0.0,0.0,0.0,0.0,0.0,0.0,1.32
104,Shreyas Gopal,Rajasthan Royals,BOWLER,8.0,1,32.63,30.45,37.0,36.4,0.0,79.0,0.0,64.0,16.17,89.0,52.57,45.0,0.0,8.67,9.67,0.0,4.08
105,Daniel Christian,Royal Challengers Bangalore,ALL ROUNDER,8.0,0,0.0,0.0,0.0,0.0,0.0,0.0,0.0,0.0,0.0,0.0,0.0,0.0,0.0,0.0,0.0,0.0,0.0
106,Robin Uthappa,Chennai Super Kings,BATSMAN,8.0,0,28.32,27.54,29.17,20.5,0.0,49.0,13.0,21.0,28.71,0.0,43.0,33.5,42.0,51.0,2.5,0.0,3.54
107,Prasidh Krishna,Kolkata Knight Riders,BOWLER,8.0,0,20.81,26.18,17.12,26.71,42.5,-6.0,29.5,0.0,0.0,0.0,33.0,8.67,0.0,18.0,19.5,0.0,2.6
108,Varun Chakravarthy,Kolkata Knight Riders,BOWLER,8.0,1,0.0,0.0,0.0,0.0,0.0,0.0,0.0,0.0,0.0,0.0,0.0,0.0,0.0,0.0,0.0,0.0,0.0
109,Ruturaj Gaikwad,Chennai Super Kings,BATSMAN,8.0,1,52.84,53.5,52.11,92.0,0.0,0.0,0.0,57.0,66.4,0.0,0.0,0.0,0.0,33.4,28.75,0.0,6.61
110,Mohammed Siraj,Royal Challengers Bangalore,BOWLER,8.0,0,28.47,37.9,23.75,59.2,11.5,31.33,34.75,0.0,24.75,0.0,27.0,0.0,19.0,40.0,7.4,0.0,3.56
111,Mandeep Singh,Punjab Kings,BATSMAN,7.5,0,20.62,21.11,20.25,12.0,0.0,24.0,0.0,45.0,22.33,0.0,5.0,45.0,16.14,8.0,78.0,0.0,2.75
112,Karun Nair,Kolkata Knight Riders,BATSMAN,7.5,0,6.2,4.5,7.33,8.0,0.0,0.0,0.0,0.0,9.0,0.0,0.0,0.0,0.0,5.0,0.0,0.0,0.83
113,Shahbaz Nadeem,Sunrisers Hyderabad,BOWLER,7.5,0,20.36,19.9,25.0,10.5,0.0,0.0,33.0,0.0,13.0,16.67,0.0,0.0,0.0,0.0,40.5,0.0,2.72
114,Arshdeep Singh,Punjab Kings,BOWLER,7.5,1,37.45,43.82,31.09,11.67,32.0,0.0,13.0,0.0,75.17,31.0,0.0,0.0,22.0,47.67,15.5,0.0,4.99
115,Andrew Tye,Rajasthan Royals,BOWLER,7.5,0,14.57,13.8,16.5,0.0,0.0,0.0,0.0,0.0,0.0,0.0,0.0,25.0,12.5,0.0,27.0,0.0,1.94
116,Tim Seifert,Kolkata Knight Riders,WICKET KEEPER,7.5,0,2.0,0.0,2.0,0.0,0.0,0.0,0.0,0.0,2.0,0.0,0.0,0.0,0.0,0.0,0.0,0.0,0.27
117,Siddarth Kaul,Sunrisers Hyderabad,BOWLER,7.5,0,27.71,39.57,15.86,0.0,0.0,0.0,37.5,25.0,44.5,18.0,4.0,33.0,23.0,0.0,30.0,0.0,3.7
118,Tom Curran,Delhi Capitals,ALL ROUNDER,7.5,0,30.0,38.25,19.0,6.0,0.0,0.0,0.0,0.0,89.0,0.0,0.0,0.0,0.0,24.0,30.5,0.0,4.0
119,Riley Meredith,Punjab Kings,BOWLER,7.5,0,20.0,0.0,20.0,0.0,29.0,0.0,0.0,0.0,0.0,0.0,0.0,0.0,0.0,14.0,0.0,0.0,2.67
120,Riyan Parag,Rajasthan Royals,BATSMAN,7.5,1,18.5,17.0,20.46,3.8,0.0,33.0,0.0,33.33,6.11,0.0,29.0,68.0,0.0,31.4,3.5,0.0,2.47
121,Kamlesh Nagarkoti,Kolkata Knight Riders,BOWLER,7.5,1,14.09,3.75,20.0,7.75,0.0,0.0,0.0,0.0,36.33,0.0,0.0,0.0,0.0,-6.0,7.0,0.0,1.88
122,Khaleel Ahmed,Sunrisers Hyderabad,BOWLER,7.5,0,37.83,40.73,35.17,28.0,0.0,79.0,29.5,-1.0,32.5,68.0,25.0,0.0,0.0,77.0,0.0,50.0,5.04
123,Cheteshwar Pujara,Chennai Super Kings,BATSMAN,7.5,0,0.0,0.0,0.0,0.0,0.0,0.0,0.0,0.0,0.0,0.0,0.0,0.0,0.0,0.0,0.0,0.0,0.0
124,Shivam Mavi,Kolkata Knight Riders,BOWLER,7.5,1,34.31,29.0,37.62,26.2,19.5,0.0,0.0,0.0,59.25,0.0,0.0,0.0,0.0,37.0,2.0,0.0,4.57
125,Piyush Chawla,Mumbai Indians,BOWLER,7.5,0,25.9,20.1,31.7,13.5,0.0,0.0,49.0,48.0,27.0,-1.0,14.0,36.57,-2.0,0.0,19.0,0.0,3.45
126,Krishnappa Gowtham,Chennai Super Kings,ALL ROUNDER,7.5,1,10.11,14.0,2.33,21.0,0.0,0.0,13.0,13.0,25.0,-6.0,10.33,0.0,0.0,-6.0,0.0,0.0,1.35
127,Shivam Dube,Rajasthan Royals,ALL ROUNDER,7.5,0,27.5,24.91,30.09,27.4,0.0,15.0,10.0,37.5,37.4,0.0,0.0,0.0,0.0,30.8,13.5,0.0,3.67
128,Rahul Tripathi,Kolkata Knight Riders,BATSMAN,7.5,1,29.88,27.73,31.76,37.89,38.5,0.0,48.25,0.0,30.75,8.0,18.75,0.0,62.0,19.0,5.0,0.0,3.98
129,Gurkeerat Singh Mann,Kolkata Knight Riders,BATSMAN,7.0,0,0.0,0.0,0.0,0.0,0.0,0.0,0.0,0.0,0.0,0.0,0.0,0.0,0.0,0.0,0.0,0.0,0.0
130,KC Cariappa,Rajasthan Royals,BOWLER,7.0,1,5.0,0.0,5.0,0.0,0.0,0.0,0.0,0.0,0.0,5.0,0.0,0.0,0.0,0.0,0.0,0.0,0.71
131,Avesh Khan,Delhi Capitals,BOWLER,7.0,1,44.87,36.9,60.8,33.0,28.33,0.0,68.5,0.0,8.33,0.0,0.0,0.0,11.0,58.0,104.0,0.0,6.41
132,Manan Vohra,Rajasthan Royals,BATSMAN,7.0,1,13.75,15.67,8.0,0.0,0.0,0.0,0.0,0.0,0.0,0.0,0.0,0.0,0.0,13.75,0.0,0.0,1.96
133,Sandeep Warrier,Kolkata Knight Riders,BOWLER,7.0,1,11.2,18.0,1.0,-4.0,0.0,0.0,0.0,0.0,0.0,0.0,0.0,0.0,58.0,2.0,0.0,0.0,1.6
134,Sarfaraz Khan,Punjab Kings,BATSMAN,7.0,1,22.21,21.14,23.29,0.0,0.0,0.0,79.0,0.0,15.33,0.0,62.0,23.0,17.25,0.0,16.0,0.0,3.17
135,Karn Sharma,Chennai Super Kings,BOWLER,7.0,0,25.33,28.33,22.33,52.0,0.0,0.0,0.0,0.0,27.67,21.0,0.0,0.0,0.0,0.0,-4.0,0.0,3.62
136,Mayank Markande,Rajasthan Royals,BOWLER,7.0,0,9.0,0.0,12.0,0.0,0.0,40.0,0.0,0.0,0.0,0.0,-4.0,0.0,0.0,0.0,0.0,0.0,1.29
137,Jayant Yadav,Mumbai Indians,BOWLER,7.0,0,22.0,18.0,26.0,0.0,0.0,0.0,34.67,-2.0,18.5,0.0,0.0,0.0,0.0,0.0,39.0,0.0,3.14
138,Deepak Hooda,Punjab Kings,BATSMAN,7.0,1,21.9,16.08,25.78,42.33,11.33,0.0,21.33,19.0,13.4,17.2,0.0,0.0,42.0,55.0,8.0,29.0,3.13
139,Fabian Allen,Punjab Kings,ALL ROUNDER,7.0,0,14.25,4.67,43.0,0.0,0.0,0.0,24.5,0.0,4.0,0.0,0.0,0.0,0.0,0.0,0.0,0.0,2.04
140,Priyam Garg,Sunrisers Hyderabad,BATSMAN,7.0,1,15.53,11.5,21.29,13.2,0.0,0.0,0.0,0.0,19.67,0.0,0.0,0.0,0.0,0.0,7.0,0.0,2.22
141,Harshal Patel,Royal Challengers Bangalore,BOWLER,7.0,1,51.16,66.29,42.33,7.0,22.0,0.0,98.33,72.0,56.75,0.0,0.0,0.0,0.0,74.0,43.0,0.0,7.31
142,Dhawal Kulkarni,Mumbai Indians,BOWLER,7.0,0,17.25,18.0,16.2,0.0,0.0,0.0,33.0,-4.0,0.0,10.0,17.83,0.0,25.0,33.0,3.0,0.0,2.46
143,Yashasvi Jaiswal,Rajasthan Royals,BATSMAN,7.0,1,35.45,32.6,37.83,24.33,0.0,0.0,0.0,30.0,53.33,0.0,0.0,0.0,0.0,35.0,31.0,0.0,5.06
144,Kartik Tyagi,Rajasthan Royals,BOWLER,7.0,1,24.36,26.78,20.0,19.6,0.0,0.0,0.0,25.0,27.29,0.0,0.0,0.0,0.0,0.0,27.0,0.0,3.48
145,Saurabh Tiwary,Mumbai Indians,BATSMAN,7.0,0,25.64,26.4,25.0,33.67,0.0,0.0,0.0,0.0,31.5,0.0,0.0,0.0,0.0,0.0,5.67,0.0,3.66
146,Murugan Ashwin,Punjab Kings,BOWLER,7.0,1,25.0,30.56,21.15,14.5,0.0,25.0,9.0,2.0,45.75,34.0,0.0,0.0,16.67,10.5,46.0,0.0,3.57
147,Virat Singh,Sunrisers Hyderabad,BATSMAN,6.5,1,10.0,10.0,0.0,0.0,0.0,0.0,10.0,0.0,0.0,0.0,0.0,0.0,0.0,0.0,0.0,0.0,1.54
148,Rinku Singh,Kolkata Knight Riders,BATSMAN,6.5,1,13.67,8.0,14.8,0.0,0.0,0.0,0.0,0.0,20.0,39.0,0.0,5.5,8.0,4.0,0.0,0.0,2.1
149,Sheldon Jackson,Kolkata Knight Riders,WICKET KEEPER,6.5,1,0.0,0.0,0.0,0.0,0.0,0.0,0.0,0.0,0.0,0.0,0.0,0.0,0.0,0.0,0.0,0.0,0.0
150,Lukman Meriwala,Delhi Capitals,BOWLER,6.5,1,23.0,23.0,0.0,0.0,0.0,0.0,0.0,0.0,0.0,0.0,0.0,0.0,0.0,23.0,0.0,0.0,3.54
151,KM Asif,Chennai Super Kings,BOWLER,6.5,1,25.0,0.0,25.0,25.0,0.0,0.0,0.0,0.0,0.0,0.0,0.0,0.0,0.0,0.0,0.0,0.0,3.85
152,Ishan Porel,Punjab Kings,BOWLER,6.5,1,25.0,25.0,0.0,0.0,0.0,0.0,0.0,0.0,25.0,0.0,0.0,0.0,0.0,0.0,0.0,0.0,3.85
153,Marco Jansen,Mumbai Indians,ALL ROUNDER,6.5,0,29.0,0.0,29.0,0.0,0.0,0.0,29.0,0.0,0.0,0.0,0.0,0.0,0.0,0.0,0.0,0.0,4.46
154,Harpreet Brar,Punjab Kings,BOWLER,6.5,1,31.56,11.33,41.67,14.0,96.5,0.0,0.0,24.0,13.5,0.0,0.0,0.0,0.0,0.0,13.0,0.0,4.85
155,R Sai Kishore,Chennai Super Kings,BOWLER,6.5,1,0.0,0.0,0.0,0.0,0.0,0.0,0.0,0.0,0.0,0.0,0.0,0.0,0.0,0.0,0.0,0.0,0.0
156,Aditya Tare,Mumbai Indians,WICKET KEEPER,6.5,1,0.0,0.0,0.0,0.0,0.0,0.0,0.0,0.0,0.0,0.0,0.0,0.0,0.0,0.0,0.0,0.0,0.0
157,Pravin Dubey,Delhi Capitals,BOWLER,6.5,1,6.33,0.0,6.33,8.0,0.0,0.0,0.0,0.0,5.5,0.0,0.0,0.0,0.0,0.0,0.0,0.0,0.97
158,Jalaj Saxena,Punjab Kings,ALL ROUNDER,6.5,1,0.0,0.0,0.0,0.0,0.0,0.0,0.0,0.0,0.0,0.0,0.0,0.0,0.0,0.0,0.0,0.0,0.0
159,Abhishek Sharma,Sunrisers Hyderabad,BATSMAN,6.5,1,19.88,23.0,16.38,1.5,0.0,0.0,25.0,0.0,26.67,16.5,0.0,0.0,0.0,10.0,19.0,0.0,3.06
160,Akash Singh,Rajasthan Royals,BOWLER,6.5,1,0.0,0.0,0.0,0.0,0.0,0.0,0.0,0.0,0.0,0.0,0.0,0.0,0.0,0.0,0.0,0.0,0.0
161,Pawan Negi,Kolkata Knight Riders,ALL ROUNDER,6.5,0,16.43,0.0,19.17,0.0,0.0,27.75,0.0,0.0,0.0,0.0,0.0,8.0,0.0,-4.0,0.0,0.0,2.53
162,Mahipal Lomror,Rajasthan Royals,BATSMAN,6.5,1,26.56,11.5,38.6,30.33,0.0,8.0,0.0,10.0,41.67,0.0,0.0,0.0,0.0,0.0,5.0,0.0,4.09
163,Shahbaz Ahmed,Royal Challengers Bangalore,ALL ROUNDER,6.5,1,32.5,23.4,41.6,53.0,46.0,0.0,40.0,0.0,21.0,0.0,0.0,0.0,0.0,8.0,35.0,0.0,5.0
164,Shahrukh Khan,Punjab Kings,BATSMAN,6.5,1,20.4,16.0,22.29,0.0,11.67,0.0,13.0,0.0,27.0,0.0,0.0,0.0,0.0,31.67,21.0,0.0,3.14
165,Sachin Baby,Royal Challengers Bangalore,ALL ROUNDER,6.5,1,1.0,0.0,1.0,1.0,0.0,0.0,0.0,0.0,0.0,0.0,0.0,0.0,0.0,0.0,0.0,0.0,0.15
166,Narayan Jagadeesan,Chennai Super Kings,WICKET KEEPER,6.5,1,7.4,9.25,0.0,0.0,0.0,0.0,0.0,0.0,12.33,0.0,0.0,0.0,0.0,0.0,0.0,0.0,1.14
167,Basil Thampi,Sunrisers Hyderabad,BOWLER,6.5,1,4.5,9.5,-0.5,21.0,0.0,0.0,0.0,0.0,0.0,0.0,0.0,0.0,0.0,-2.0,0.0,-1.0,0.69
168,Rajat Patidar,Royal Challengers Bangalore,BATSMAN,6.5,1,25.5,30.0,21.0,0.0,44.0,0.0,7.0,0.0,0.0,0.0,0.0,0.0,0.0,0.0,0.0,0.0,3.92
169,Abdul Samad,Sunrisers Hyderabad,BATSMAN,6.5,1,15.19,10.29,25.0,9.75,0.0,0.0,15.67,8.0,19.88,0.0,0.0,0.0,0.0,0.0,13.2,0.0,2.34
170,Finn Allen,Royal Challengers Bangalore,WICKET KEEPER,6.5,0,0.0,0.0,0.0,0.0,0.0,0.0,0.0,0.0,0.0,0.0,0.0,0.0,0.0,0.0,0.0,0.0,0.0
171,Mohammed Azharuddeen,Royal Challengers Bangalore,WICKET KEEPER,6.5,1,0.0,0.0,0.0,0.0,0.0,0.0,0.0,0.0,0.0,0.0,0.0,0.0,0.0,0.0,0.0,0.0,0.0
172,Vishnu Vinod,Delhi Capitals,WICKET KEEPER,6.0,1,0.0,0.0,0.0,0.0,0.0,0.0,0.0,0.0,0.0,0.0,0.0,0.0,0.0,0.0,0.0,0.0,0.0
173,Utkarsh Singh,Punjab Kings,ALL ROUNDER,6.0,1,0.0,0.0,0.0,0.0,0.0,0.0,0.0,0.0,0.0,0.0,0.0,0.0,0.0,0.0,0.0,0.0,0.0
174,Anuj Rawat,Rajasthan Royals,WICKET KEEPER,6.0,1,24.0,0.0,24.0,0.0,0.0,0.0,0.0,24.0,0.0,0.0,0.0,0.0,0.0,0.0,0.0,0.0,4.0
175,Venkatesh Iyer,Kolkata Knight Riders,ALL ROUNDER,6.0,1,61.83,58.25,69.0,56.0,0.0,0.0,0.0,0.0,64.5,0.0,0.0,0.0,0.0,0.0,74.0,0.0,10.31
176,Prabhsimran Singh,Punjab Kings,WICKET KEEPER,6.0,1,14.8,17.33,11.0,12.0,11.0,0.0,0.0,0.0,13.0,27.0,0.0,0.0,0.0,0.0,0.0,0.0,2.47
177,Lalith Yadav,Delhi Capitals,ALL ROUNDER,6.0,1,0.0,0.0,0.0,0.0,0.0,0.0,0.0,0.0,0.0,0.0,0.0,0.0,0.0,0.0,0.0,0.0,0.0
178,Darshan Nalkande,Punjab Kings,BOWLER,6.0,1,0.0,0.0,0.0,0.0,0.0,0.0,0.0,0.0,0.0,0.0,0.0,0.0,0.0,0.0,0.0,0.0,0.0
179,Chetan Sakariya,Rajasthan Royals,BOWLER,6.0,1,29.33,47.0,11.67,41.5,0.0,0.0,0.0,5.0,20.0,0.0,0.0,0.0,0.0,39.8,0.0,0.0,4.89
180,Jagadeesha Suchith,Sunrisers Hyderabad,BOWLER,6.0,1,18.67,31.0,-6.0,0.0,0.0,0.0,31.0,-6.0,0.0,0.0,0.0,0.0,0.0,0.0,0.0,0.0,3.11
181,C Hari Nishaanth,Chennai Super Kings,BATSMAN,6.0,1,0.0,0.0,0.0,0.0,0.0,0.0,0.0,0.0,0.0,0.0,0.0,0.0,0.0,0.0,0.0,0.0,0.0
182,KS Bharat,Royal Challengers Bangalore,WICKET KEEPER,6.0,1,0.0,0.0,0.0,0.0,0.0,0.0,0.0,0.0,0.0,0.0,0.0,0.0,0.0,0.0,0.0,0.0,0.0
183,Harishankar Reddy,Chennai Super Kings,BOWLER,6.0,1,0.0,0.0,0.0,0.0,0.0,0.0,0.0,0.0,0.0,0.0,0.0,0.0,0.0,0.0,0.0,0.0,0.0
184,Anukul Roy,Mumbai Indians,ALL ROUNDER,6.0,1,29.0,0.0,29.0,0.0,0.0,0.0,29.0,0.0,0.0,0.0,0.0,0.0,0.0,0.0,0.0,0.0,4.83
185,Sreevats Goswami,Sunrisers Hyderabad,WICKET KEEPER,6.0,1,0.0,0.0,0.0,0.0,0.0,0.0,0.0,0.0,0.0,0.0,0.0,0.0,0.0,0.0,0.0,0.0,0.0
186,Suyash Prabhudessai,Royal Challengers Bangalore,BATSMAN,6.0,1,0.0,0.0,0.0,0.0,0.0,0.0,0.0,0.0,0.0,0.0,0.0,0.0,0.0,0.0,0.0,0.0,0.0
187,Anmolpreet Singh,Mumbai Indians,BATSMAN,6.0,1,20.0,20.0,0.0,0.0,0.0,0.0,0.0,0.0,20.0,0.0,0.0,0.0,0.0,0.0,0.0,0.0,3.33
188,Pavan Deshpande,Royal Challengers Bangalore,BATSMAN,6.0,1,0.0,0.0,0.0,0.0,0.0,0.0,0.0,0.0,0.0,0.0,0.0,0.0,0.0,0.0,0.0,0.0,0.0
189,Bhagath Varma,Chennai Super Kings,ALL ROUNDER,5.5,1,0.0,0.0,0.0,0.0,0.0,0.0,0.0,0.0,0.0,0.0,0.0,0.0,0.0,0.0,0.0,0.0,0.0
190,Saurabh Kumar,Punjab Kings,BOWLER,5.5,1,0.0,0.0,0.0,0.0,0.0,0.0,0.0,0.0,0.0,0.0,0.0,0.0,0.0,0.0,0.0,0.0,0.0
191,Manimaran Siddharth,Delhi Capitals,BOWLER,5.5,1,0.0,0.0,0.0,0.0,0.0,0.0,0.0,0.0,0.0,0.0,0.0,0.0,0.0,0.0,0.0,0.0,0.0
192,Ripal Patel,Delhi Capitals,BOWLER,5.5,1,28.0,28.0,0.0,0.0,0.0,0.0,0.0,0.0,28.0,0.0,0.0,0.0,0.0,0.0,0.0,0.0,5.09
193,Vaibhav Arora,Kolkata Knight Riders,BOWLER,5.5,1,0.0,0.0,0.0,0.0,0.0,0.0,0.0,0.0,0.0,0.0,0.0,0.0,0.0,0.0,0.0,0.0,0.0
194,Yudhvir Charak,Mumbai Indians,BOWLER,5.5,1,0.0,0.0,0.0,0.0,0.0,0.0,0.0,0.0,0.0,0.0,0.0,0.0,0.0,0.0,0.0,0.0,0.0
195,Mohsin Khan,Mumbai Indians,BOWLER,5.5,1,0.0,0.0,0.0,0.0,0.0,0.0,0.0,0.0,0.0,0.0,0.0,0.0,0.0,0.0,0.0,0.0,0.0
196,Arjun Tendulkar,Mumbai Indians,ALL ROUNDER,5.5,1,0.0,0.0,0.0,0.0,0.0,0.0,0.0,0.0,0.0,0.0,0.0,0.0,0.0,0.0,0.0,0.0,0.0
197,Kuldip Yadav,Rajasthan Royals,BOWLER,5.5,1,0.0,0.0,0.0,0.0,0.0,0.0,0.0,0.0,0.0,0.0,0.0,0.0,0.0,0.0,0.0,0.0,0.0
