,Name,TeamName,SkillName,Value,isUnCap,tp,batting_second,batting_first,Abu Dhabi,Ahmedabad,Chennai,Delhi,Dubai,Mumbai,Sharjah,vp
0,David Warner,Sunrisers Hyderabad,BATSMAN,12.0,0,33.5,32.67,36.0,0.0,0.0,38.8,72.0,0.0,0.0,2.0,2.79
1,Rohit Sharma,Mumbai Indians,BATSMAN,12.0,0,39.08,34.6,41.88,24.33,0.0,51.4,35.5,62.0,0.0,22.5,3.26
2,Virat Kohli,Royal Challengers Bangalore,BATSMAN,12.0,0,40.4,40.71,40.12,8.0,35.0,40.0,0.0,45.67,50.5,54.0,3.37
3,Lokesh Rahul,Punjab Kings,WICKET KEEPER,11.5,0,67.38,85.2,56.25,31.0,75.5,40.5,0.0,99.0,77.33,42.0,5.86
4,Andre Russell,Kolkata Knight Riders,ALL ROUNDER,11.0,0,43.1,46.17,38.5,48.67,37.5,60.0,0.0,0.0,15.0,0.0,3.92
5,AB de Villiers,Royal Challengers Bangalore,WICKET KEEPER,11.0,0,35.47,27.43,42.5,20.0,68.5,64.0,0.0,21.67,10.0,26.0,3.22
6,Jasprit Bumrah,Mumbai Indians,BOWLER,11.0,0,45.57,54.5,38.88,75.0,0.0,25.6,33.0,64.5,0.0,45.0,4.14
7,Jos Buttler,Rajasthan Royals,WICKET KEEPER,10.5,0,54.43,34.0,81.67,0.0,0.0,0.0,117.5,0.0,29.2,0.0,5.18
8,Shikhar Dhawan,Delhi Capitals,BATSMAN,10.5,0,49.93,64.0,28.83,9.0,50.67,45.5,0.0,41.5,97.33,19.5,4.76
9,Rashid Khan,Sunrisers Hyderabad,BOWLER,10.5,0,47.43,43.22,55.0,46.0,0.0,45.6,65.0,38.67,0.0,49.0,4.52
10,Kagiso Rabada,Delhi Capitals,BOWLER,10.5,0,31.93,36.38,26.0,27.0,40.0,20.5,0.0,26.75,49.5,26.5,3.04
11,Quinton de Kock,Mumbai Indians,WICKET KEEPER,10.5,0,38.18,50.2,28.17,52.0,0.0,18.0,74.0,37.0,0.0,22.0,3.64
12,Ben Stokes,Rajasthan Royals,ALL ROUNDER,10.5,0,16.0,16.0,0.0,0.0,0.0,0.0,0.0,0.0,16.0,0.0,1.52
13,MS Dhoni,Chennai Super Kings,WICKET KEEPER,10.0,0,15.6,17.0,14.67,12.5,0.0,0.0,4.0,18.0,15.0,27.0,1.56
14,Jofra Archer,Rajasthan Royals,BOWLER,10.0,0,0.0,0.0,0.0,0.0,0.0,0.0,0.0,0.0,0.0,0.0,0.0
15,Rishabh Pant,Delhi Capitals,WICKET KEEPER,10.0,0,41.73,34.89,52.0,50.0,36.33,44.5,0.0,43.75,39.33,42.5,4.17
16,Hardik Pandya,Mumbai Indians,ALL ROUNDER,10.0,0,16.67,18.8,15.14,39.0,0.0,11.8,14.0,3.0,0.0,16.0,1.67
17,Eoin Morgan,Kolkata Knight Riders,BATSMAN,9.5,0,15.53,18.78,10.67,9.67,39.5,22.67,0.0,6.0,8.0,9.67,1.64
18,Pat Cummins,Kolkata Knight Riders,BOWLER,9.5,0,40.14,35.75,46.0,0.0,74.5,39.33,0.0,0.0,7.0,0.0,4.23
19,Nicholas Pooran,Punjab Kings,WICKET KEEPER,9.5,0,10.67,17.0,7.5,2.0,15.0,4.0,0.0,28.5,6.0,6.5,1.12
20,Shreyas Iyer,Delhi Capitals,BATSMAN,9.5,0,31.57,35.33,28.75,54.0,0.0,0.0,0.0,30.75,0.0,22.0,3.32
21,Kane Williamson,Sunrisers Hyderabad,BATSMAN,9.5,0,38.7,40.4,37.0,63.0,0.0,51.0,31.5,43.0,0.0,15.0,4.07
22,Steve Smith,Delhi Capitals,BATSMAN,9.5,0,32.38,26.5,50.0,0.0,24.67,49.0,0.0,0.0,9.0,39.0,3.41
23,Chris Gayle,Punjab Kings,BATSMAN,9.5,0,27.0,60.0,23.33,1.0,27.33,38.5,0.0,0.0,29.0,23.0,2.84
24,Sanju Samson,Rajasthan Royals,WICKET KEEPER,9.5,0,50.21,56.29,44.14,71.0,0.0,0.0,58.5,54.67,55.2,2.0,5.29
25,Kieron Pollard,Mumbai Indians,ALL ROUNDER,9.5,0,37.0,51.33,26.25,44.33,0.0,27.8,97.5,15.5,0.0,10.0,3.89
26,Jonny Bairstow,Sunrisers Hyderabad,WICKET KEEPER,9.5,0,50.0,57.0,8.0,0.0,0.0,60.8,23.0,0.0,0.0,0.0,5.26
27,Mayank Agarwal,Punjab Kings,BATSMAN,9.5,0,51.92,59.0,46.86,0.0,88.5,35.5,0.0,61.0,38.0,39.0,5.46
28,Suresh Raina,Chennai Super Kings,BATSMAN,9.5,0,21.92,18.4,24.43,9.5,0.0,0.0,11.0,21.0,30.8,23.5,2.31
29,Faf du Plessis,Chennai Super Kings,BATSMAN,9.5,0,53.33,50.83,55.0,45.5,0.0,0.0,78.0,35.75,61.0,52.5,5.61
30,Trent Boult,Mumbai Indians,BOWLER,9.5,0,32.14,28.83,34.62,11.67,0.0,41.0,28.0,58.5,0.0,18.5,3.38
31,Suryakumar Yadav,Mumbai Indians,BATSMAN,9.5,0,34.36,13.5,50.0,38.67,0.0,48.2,19.0,13.5,0.0,29.5,3.62
32,Dinesh Karthik,Kolkata Knight Riders,WICKET KEEPER,9.0,0,19.33,16.0,24.33,17.67,20.5,20.0,0.0,21.0,18.5,19.0,2.15
33,Axar Patel,Delhi Capitals,ALL ROUNDER,9.0,0,46.0,55.17,35.0,49.0,40.0,68.0,0.0,40.5,0.0,53.5,5.11
34,Shakib Al Hasan,Kolkata Knight Riders,ALL ROUNDER,9.0,0,34.33,30.25,42.5,0.0,0.0,36.0,0.0,37.0,0.0,30.5,3.81
35,Jason Holder,Sunrisers Hyderabad,ALL ROUNDER,9.0,0,69.12,85.5,52.75,74.0,0.0,83.0,0.0,27.33,0.0,120.0,7.68
36,Sunil Narine,Kolkata Knight Riders,ALL ROUNDER,9.0,0,45.75,59.57,26.4,44.67,35.0,0.0,0.0,17.0,20.5,90.0,5.08
37,Jason Roy,Sunrisers Hyderabad,BATSMAN,9.0,0,41.4,70.0,22.33,56.5,0.0,0.0,0.0,46.0,0.0,2.0,4.6
38,Chris Lynn,Mumbai Indians,BATSMAN,9.0,0,81.0,0.0,81.0,0.0,0.0,81.0,0.0,0.0,0.0,0.0,9.0
39,Ambati Rayudu,Chennai Super Kings,BATSMAN,9.0,0,24.2,16.17,29.56,10.5,0.0,0.0,52.0,21.25,16.8,34.5,2.69
40,Manish Pandey,Sunrisers Hyderabad,BATSMAN,9.0,0,51.62,52.83,48.0,84.0,0.0,49.67,68.0,18.0,0.0,26.0,5.74
41,Chris Morris,Rajasthan Royals,ALL ROUNDER,9.0,0,46.55,68.4,28.33,0.0,0.0,0.0,76.5,3.67,64.6,25.0,5.17
42,Anrich Nortje,Delhi Capitals,BOWLER,9.0,0,45.14,49.33,42.0,56.0,0.0,0.0,0.0,43.5,0.0,43.0,5.02
43,Ravichandran Ashwin,Delhi Capitals,BOWLER,9.0,0,17.42,18.83,16.0,35.0,0.0,1.0,0.0,13.75,11.67,41.0,1.94
44,Ravindra Jadeja,Chennai Super Kings,ALL ROUNDER,9.0,0,49.93,31.83,62.0,56.5,0.0,0.0,32.5,31.75,79.4,23.5,5.55
45,Marcus Stoinis,Delhi Capitals,ALL ROUNDER,9.0,0,18.56,22.43,5.0,0.0,21.67,18.5,0.0,0.0,21.67,0.0,2.06
46,Sam Curran,Chennai Super Kings,ALL ROUNDER,9.0,0,35.56,21.33,42.67,-4.0,0.0,0.0,56.0,0.0,43.2,0.0,3.95
47,Mohammad Shami,Punjab Kings,BOWLER,9.0,0,42.43,62.8,31.11,31.0,18.33,28.5,0.0,55.0,38.33,85.5,4.71
48,Shubman Gill,Kolkata Knight Riders,BATSMAN,9.0,0,35.07,38.78,29.5,35.0,31.5,34.33,0.0,45.5,8.0,49.33,3.9
49,Bhuvneshwar Kumar,Sunrisers Hyderabad,BOWLER,9.0,0,17.45,19.71,13.5,35.0,0.0,18.25,0.0,18.0,0.0,15.0,1.94
50,Glenn Maxwell,Royal Challengers Bangalore,ALL ROUNDER,9.0,0,52.4,39.29,63.88,32.5,15.0,79.0,0.0,91.67,21.5,45.33,5.82
51,Yuzvendra Chahal,Royal Challengers Bangalore,BOWLER,9.0,0,38.13,26.86,48.0,29.0,22.5,18.67,0.0,64.67,20.5,59.33,4.24
52,Devdutt Padikkal,Royal Challengers Bangalore,BATSMAN,9.0,1,41.5,51.0,34.38,35.0,14.5,24.0,0.0,22.0,97.0,58.0,4.61
53,Ishan Kishan,Mumbai Indians,WICKET KEEPER,9.0,0,32.2,39.0,29.29,66.5,0.0,14.4,0.0,13.0,0.0,91.0,3.58
54,Mustafizur Rahman,Rajasthan Royals,BOWLER,8.5,0,29.71,24.57,34.86,28.0,0.0,0.0,61.0,31.0,23.2,14.5,3.5
55,Josh Hazlewood,Chennai Super Kings,BOWLER,8.5,0,30.12,44.75,15.5,25.0,0.0,0.0,0.0,27.5,0.0,40.5,3.54
56,Mohammad Nabi,Sunrisers Hyderabad,ALL ROUNDER,8.5,0,35.67,35.67,0.0,41.0,0.0,66.0,0.0,0.0,0.0,0.0,4.2
57,Moeen Ali,Chennai Super Kings,ALL ROUNDER,8.5,0,47.36,44.17,49.75,32.0,0.0,0.0,72.0,22.0,78.25,27.0,5.57
58,Imran Tahir,Chennai Super Kings,BOWLER,8.5,0,72.0,0.0,72.0,0.0,0.0,0.0,0.0,0.0,72.0,0.0,8.47
59,Umesh Yadav,Delhi Capitals,BOWLER,8.5,0,0.0,0.0,0.0,0.0,0.0,0.0,0.0,0.0,0.0,0.0,0.0
60,Ajinkya Rahane,Delhi Capitals,BATSMAN,8.5,0,4.5,0.0,9.0,0.0,0.0,0.0,0.0,0.0,4.5,0.0,0.53
61,Wriddhiman Saha,Sunrisers Hyderabad,WICKET KEEPER,8.5,0,24.44,23.6,25.5,14.5,0.0,23.0,0.0,20.0,0.0,42.5,2.88
62,Dwayne Bravo,Chennai Super Kings,ALL ROUNDER,8.5,0,42.9,49.25,38.67,0.0,0.0,0.0,0.0,43.25,27.75,72.5,5.05
63,Jhye Richardson,Punjab Kings,BOWLER,8.5,0,35.33,0.0,35.33,0.0,0.0,0.0,0.0,0.0,35.33,0.0,4.16
64,Adam Zampa,Royal Challengers Bangalore,BOWLER,8.5,0,0.0,0.0,0.0,0.0,0.0,0.0,0.0,0.0,0.0,0.0,0.0
65,Lockie Ferguson,Kolkata Knight Riders,BOWLER,8.5,0,63.67,64.0,63.0,48.33,0.0,0.0,0.0,0.0,0.0,79.0,7.49
66,Kyle Jamieson,Royal Challengers Bangalore,BOWLER,8.5,0,29.67,29.5,29.8,-8.0,36.5,54.33,0.0,0.0,19.5,0.0,3.49
67,Ravi Bishnoi,Punjab Kings,BOWLER,8.5,1,43.0,35.75,48.8,62.0,28.33,54.0,0.0,44.5,0.0,48.5,5.06
68,Dawid Malan,Punjab Kings,BATSMAN,8.5,0,37.0,0.0,37.0,0.0,37.0,0.0,0.0,0.0,0.0,0.0,4.35
69,Navdeep Saini,Royal Challengers Bangalore,BOWLER,8.5,0,-2.0,-6.0,2.0,0.0,0.0,0.0,0.0,0.0,-6.0,2.0,-0.24
70,Nitish Rana,Kolkata Knight Riders,BATSMAN,8.5,1,34.67,27.11,46.0,20.67,15.0,70.67,0.0,37.5,22.0,32.33,4.08
71,Deepak Chahar,Chennai Super Kings,BOWLER,8.5,0,29.5,29.17,29.75,0.0,0.0,0.0,4.0,30.5,50.0,16.5,3.47
72,Krunal Pandya,Mumbai Indians,ALL ROUNDER,8.5,0,28.15,28.2,28.12,22.33,0.0,28.8,49.5,3.5,0.0,49.0,3.31
73,Washington Sundar,Royal Challengers Bangalore,ALL ROUNDER,8.5,0,20.33,27.33,13.33,0.0,6.0,27.67,0.0,0.0,16.5,0.0,2.39
74,Rahul Tewatia,Rajasthan Royals,ALL ROUNDER,8.5,1,24.79,33.86,15.71,57.5,0.0,0.0,9.5,9.0,28.6,21.5,2.92
75,Rahul Chahar,Mumbai Indians,BOWLER,8.5,0,36.18,26.0,44.67,15.5,0.0,54.4,29.0,18.5,0.0,0.0,4.26
76,Prithvi Shaw,Delhi Capitals,BATSMAN,8.5,0,44.79,43.56,47.0,10.0,61.0,42.0,0.0,48.75,49.33,7.0,5.27
77,T Natarajan,Sunrisers Hyderabad,BOWLER,8.5,0,25.0,25.0,0.0,0.0,0.0,25.0,0.0,0.0,0.0,0.0,2.94
78,Shardul Thakur,Chennai Super Kings,BOWLER,8.5,0,34.0,25.17,39.89,62.0,0.0,0.0,12.5,43.25,22.6,37.5,4.0
79,Mitchell Marsh,Sunrisers Hyderabad,ALL ROUNDER,8.0,0,0.0,0.0,0.0,0.0,0.0,0.0,0.0,0.0,0.0,0.0,0.0
80,Mujeeb ur Rahman,Sunrisers Hyderabad,BOWLER,8.0,0,0.0,0.0,0.0,0.0,0.0,0.0,0.0,0.0,0.0,0.0,0.0
81,Mitchell Santner,Chennai Super Kings,ALL ROUNDER,8.0,0,0.0,0.0,0.0,0.0,0.0,0.0,0.0,0.0,0.0,0.0,0.0
82,Sam Billings,Delhi Capitals,WICKET KEEPER,8.0,0,0.0,0.0,0.0,0.0,0.0,0.0,0.0,0.0,0.0,0.0,0.0
83,Moises Henriques,Punjab Kings,ALL ROUNDER,8.0,0,33.0,41.33,20.5,0.0,27.0,14.0,0.0,3.0,0.0,107.0,4.12
84,Ben Cutting,Kolkata Knight Riders,ALL ROUNDER,8.0,0,0.0,0.0,0.0,0.0,0.0,0.0,0.0,0.0,0.0,0.0,0.0
85,Chris Woakes,Delhi Capitals,ALL ROUNDER,8.0,0,54.67,45.5,73.0,0.0,0.0,0.0,0.0,0.0,54.67,0.0,6.83
86,Kedar Jadhav,Sunrisers Hyderabad,BATSMAN,8.0,0,12.83,12.75,13.0,0.0,0.0,9.0,22.0,3.0,0.0,12.0,1.6
87,Harbhajan Singh,Kolkata Knight Riders,BOWLER,8.0,0,3.33,5.0,0.0,0.0,0.0,3.33,0.0,0.0,0.0,0.0,0.42
88,Adam Milne,Mumbai Indians,BOWLER,8.0,0,26.75,50.0,3.5,1.0,0.0,6.0,0.0,50.0,0.0,0.0,3.34
89,Ishant Sharma,Delhi Capitals,BOWLER,8.0,0,19.67,19.67,0.0,0.0,19.67,0.0,0.0,0.0,0.0,0.0,2.46
90,Amit Mishra,Delhi Capitals,BOWLER,8.0,0,44.0,50.33,25.0,0.0,25.0,75.5,0.0,0.0,0.0,0.0,5.5
91,Kuldeep Yadav,Kolkata Knight Riders,BOWLER,8.0,0,0.0,0.0,0.0,0.0,0.0,0.0,0.0,0.0,0.0,0.0,0.0
92,Chris Jordan,Punjab Kings,BOWLER,8.0,0,36.75,52.0,31.67,0.0,31.67,0.0,0.0,52.0,0.0,0.0,4.59
93,Jaydev Unadkat,Rajasthan Royals,BOWLER,8.0,0,26.5,40.25,-1.0,0.0,0.0,0.0,0.0,-2.0,53.67,0.0,3.31
94,David Miller,Rajasthan Royals,BATSMAN,8.0,0,19.89,28.2,9.5,6.5,0.0,0.0,12.5,0.0,32.0,13.0,2.49
95,Jimmy Neesham,Mumbai Indians,ALL ROUNDER,8.0,0,45.67,43.5,50.0,50.0,0.0,0.0,-6.0,0.0,0.0,93.0,5.71
96,Liam Livingstone,Rajasthan Royals,BATSMAN,8.0,0,15.4,14.0,16.33,9.0,0.0,0.0,0.0,16.33,0.0,19.0,1.92
97,Vijay Shankar,Sunrisers Hyderabad,ALL ROUNDER,8.0,0,23.71,27.67,0.0,0.0,0.0,27.6,14.0,0.0,0.0,0.0,2.96
98,Lungi Ngidi,Chennai Super Kings,BOWLER,8.0,0,46.33,50.0,44.5,0.0,0.0,0.0,22.0,0.0,95.0,0.0,5.79
99,Shimron Hetmyer,Delhi Capitals,BATSMAN,8.0,0,24.77,22.88,27.8,47.0,35.33,8.5,0.0,32.75,0.0,10.5,3.1
100,Kane Richardson,Royal Challengers Bangalore,BOWLER,8.0,0,33.0,33.0,0.0,0.0,0.0,0.0,0.0,0.0,33.0,0.0,4.12
101,Sandeep Sharma,Sunrisers Hyderabad,BOWLER,8.0,0,13.57,22.75,1.33,0.0,0.0,-4.0,14.5,15.5,0.0,19.5,1.7
102,Nathan Coulter Nile,Mumbai Indians,BOWLER,8.0,0,0.0,0.0,0.0,0.0,0.0,0.0,0.0,0.0,0.0,0.0,0.0
103,Daniel Sams,Royal Challengers Bangalore,ALL ROUNDER,8.0,0,16.5,30.0,3.0,0.0,16.5,0.0,0.0,0.0,0.0,0.0,2.06
104,Shreyas Gopal,Rajasthan Royals,BOWLER,8.0,1,-0.33,-6.0,2.5,0.0,0.0,0.0,0.0,0.0,-0.5,0.0,-0.04
105,Daniel Christian,Royal Challengers Bangalore,ALL ROUNDER,8.0,0,0.0,0.0,0.0,0.0,0.0,0.0,0.0,0.0,0.0,0.0,0.0
106,Robin Uthappa,Chennai Super Kings,BATSMAN,8.0,0,32.67,76.0,11.0,0.0,0.0,0.0,0.0,32.67,0.0,0.0,4.08
107,Prasidh Krishna,Kolkata Knight Riders,BOWLER,8.0,0,33.4,38.0,26.5,35.33,42.5,38.0,0.0,0.0,14.5,0.0,4.18
108,Varun Chakravarthy,Kolkata Knight Riders,BOWLER,8.0,1,34.13,36.22,31.0,52.67,17.5,28.33,0.0,52.0,42.5,15.0,4.27
109,Ruturaj Gaikwad,Chennai Super Kings,BATSMAN,8.0,1,55.73,59.0,53.56,99.0,0.0,0.0,57.0,62.5,33.4,53.5,6.97
110,Mohammed Siraj,Royal Challengers Bangalore,BOWLER,8.0,0,26.27,23.86,28.38,11.5,11.5,29.33,0.0,30.33,48.5,24.0,3.28
111,Mandeep Singh,Punjab Kings,BATSMAN,7.5,0,25.0,0.0,25.0,25.0,0.0,0.0,0.0,0.0,0.0,0.0,3.33
112,Karun Nair,Kolkata Knight Riders,BATSMAN,7.5,0,0.0,0.0,0.0,0.0,0.0,0.0,0.0,0.0,0.0,0.0,0.0
113,Shahbaz Nadeem,Sunrisers Hyderabad,BOWLER,7.5,0,33.0,33.0,0.0,0.0,0.0,33.0,0.0,0.0,0.0,0.0,4.4
114,Arshdeep Singh,Punjab Kings,BOWLER,7.5,1,45.83,65.8,31.57,0.0,32.0,13.0,0.0,103.33,47.67,19.5,6.11
115,Andrew Tye,Rajasthan Royals,BOWLER,7.5,0,0.0,0.0,0.0,0.0,0.0,0.0,0.0,0.0,0.0,0.0,0.0
116,Tim Seifert,Kolkata Knight Riders,WICKET KEEPER,7.5,0,2.0,0.0,2.0,0.0,0.0,0.0,0.0,2.0,0.0,0.0,0.27
117,Siddarth Kaul,Sunrisers Hyderabad,BOWLER,7.5,0,25.75,30.0,21.5,17.0,0.0,37.5,0.0,44.5,0.0,8.0,3.43
118,Tom Curran,Delhi Capitals,ALL ROUNDER,7.5,0,42.33,23.0,52.0,0.0,0.0,0.0,0.0,79.0,24.0,0.0,5.64
119,Riley Meredith,Punjab Kings,BOWLER,7.5,0,20.0,0.0,20.0,0.0,29.0,0.0,0.0,0.0,14.0,0.0,2.67
120,Riyan Parag,Rajasthan Royals,BATSMAN,7.5,1,18.36,25.2,12.67,2.0,0.0,0.0,13.0,5.67,31.4,0.0,2.45
121,Kamlesh Nagarkoti,Kolkata Knight Riders,BOWLER,7.5,1,-6.0,-6.0,0.0,0.0,0.0,0.0,0.0,0.0,-6.0,0.0,-0.8
122,Khaleel Ahmed,Sunrisers Hyderabad,BOWLER,7.5,0,19.86,22.8,12.5,0.0,0.0,38.67,-1.0,25.0,0.0,0.0,2.65
123,Cheteshwar Pujara,Chennai Super Kings,BATSMAN,7.5,0,0.0,0.0,0.0,0.0,0.0,0.0,0.0,0.0,0.0,0.0,0.0
124,Shivam Mavi,Kolkata Knight Riders,BOWLER,7.5,1,44.14,29.67,55.0,0.0,19.5,0.0,0.0,45.5,37.0,71.0,5.89
125,Piyush Chawla,Mumbai Indians,BOWLER,7.5,0,25.0,0.0,25.0,25.0,0.0,0.0,0.0,0.0,0.0,0.0,3.33
126,Krishnappa Gowtham,Chennai Super Kings,ALL ROUNDER,7.5,1,0.0,0.0,0.0,0.0,0.0,0.0,0.0,0.0,0.0,0.0,0.0
127,Shivam Dube,Rajasthan Royals,ALL ROUNDER,7.5,0,34.44,33.5,36.33,88.0,0.0,0.0,45.0,0.0,30.8,11.5,4.59
128,Rahul Tripathi,Kolkata Knight Riders,BATSMAN,7.5,1,37.07,28.89,49.33,53.0,38.5,47.67,0.0,34.5,28.0,17.33,4.94
129,Gurkeerat Singh Mann,Kolkata Knight Riders,BATSMAN,7.0,0,0.0,0.0,0.0,0.0,0.0,0.0,0.0,0.0,0.0,0.0,0.0
130,KC Cariappa,Rajasthan Royals,BOWLER,7.0,1,0.0,0.0,0.0,0.0,0.0,0.0,0.0,0.0,0.0,0.0,0.0
131,Avesh Khan,Delhi Capitals,BOWLER,7.0,1,45.67,39.78,54.5,33.0,28.33,68.5,0.0,12.0,58.0,104.0,6.52
132,Manan Vohra,Rajasthan Royals,BATSMAN,7.0,1,13.75,15.67,8.0,0.0,0.0,0.0,0.0,0.0,13.75,0.0,1.96
133,Sandeep Warrier,Kolkata Knight Riders,BOWLER,7.0,1,0.0,0.0,0.0,0.0,0.0,0.0,0.0,0.0,0.0,0.0,0.0
134,Sarfaraz Khan,Punjab Kings,BATSMAN,7.0,1,12.0,12.0,0.0,0.0,0.0,0.0,0.0,0.0,0.0,24.0,1.71
135,Karn Sharma,Chennai Super Kings,BOWLER,7.0,0,0.0,0.0,0.0,0.0,0.0,0.0,0.0,0.0,0.0,0.0,0.0
136,Mayank Markande,Rajasthan Royals,BOWLER,7.0,0,0.0,0.0,0.0,0.0,0.0,0.0,0.0,0.0,0.0,0.0,0.0
137,Jayant Yadav,Mumbai Indians,BOWLER,7.0,0,20.8,1.0,34.0,0.0,0.0,31.5,-6.0,0.0,0.0,23.5,2.97
138,Deepak Hooda,Punjab Kings,BATSMAN,7.0,1,26.58,18.0,29.44,31.0,11.33,28.0,0.0,8.5,55.0,16.0,3.8
139,Fabian Allen,Punjab Kings,ALL ROUNDER,7.0,0,14.25,4.67,43.0,0.0,0.0,24.5,0.0,4.0,0.0,0.0,2.04
140,Priyam Garg,Sunrisers Hyderabad,BATSMAN,7.0,1,16.0,17.5,15.0,27.0,0.0,0.0,0.0,10.5,0.0,5.0,2.29
141,Harshal Patel,Royal Challengers Bangalore,BOWLER,7.0,1,65.0,72.0,58.88,51.5,22.0,98.33,0.0,82.67,74.0,45.67,9.29
142,Dhawal Kulkarni,Mumbai Indians,BOWLER,7.0,0,-4.0,-4.0,0.0,0.0,0.0,0.0,-4.0,0.0,0.0,0.0,-0.57
143,Yashasvi Jaiswal,Rajasthan Royals,BATSMAN,7.0,1,36.7,31.0,40.5,36.5,0.0,0.0,30.0,53.33,35.0,19.5,5.24
144,Kartik Tyagi,Rajasthan Royals,BOWLER,7.0,1,28.0,31.0,27.0,31.0,0.0,0.0,25.0,28.0,0.0,0.0,4.0
145,Saurabh Tiwary,Mumbai Indians,BATSMAN,7.0,0,28.2,39.67,11.0,31.0,0.0,0.0,0.0,63.0,0.0,8.0,4.03
146,Murugan Ashwin,Punjab Kings,BOWLER,7.0,1,11.67,0.0,11.67,0.0,0.0,14.0,0.0,0.0,10.5,0.0,1.67
147,Virat Singh,Sunrisers Hyderabad,BATSMAN,6.5,1,10.0,10.0,0.0,0.0,0.0,10.0,0.0,0.0,0.0,0.0,1.54
148,Rinku Singh,Kolkata Knight Riders,BATSMAN,6.5,1,0.0,0.0,0.0,0.0,0.0,0.0,0.0,0.0,0.0,0.0,0.0
149,Sheldon Jackson,Kolkata Knight Riders,WICKET KEEPER,6.5,1,0.0,0.0,0.0,0.0,0.0,0.0,0.0,0.0,0.0,0.0,0.0
150,Lukman Meriwala,Delhi Capitals,BOWLER,6.5,1,23.0,23.0,0.0,0.0,0.0,0.0,0.0,0.0,23.0,0.0,3.54
151,KM Asif,Chennai Super Kings,BOWLER,6.5,1,25.0,0.0,25.0,25.0,0.0,0.0,0.0,0.0,0.0,0.0,3.85
152,Ishan Porel,Punjab Kings,BOWLER,6.5,1,25.0,25.0,0.0,0.0,0.0,0.0,0.0,25.0,0.0,0.0,3.85
153,Marco Jansen,Mumbai Indians,ALL ROUNDER,6.5,0,29.0,0.0,29.0,0.0,0.0,29.0,0.0,0.0,0.0,0.0,4.46
154,Harpreet Brar,Punjab Kings,BOWLER,6.5,1,39.14,15.33,57.0,14.0,96.5,0.0,0.0,20.5,0.0,13.0,6.02
155,R Sai Kishore,Chennai Super Kings,BOWLER,6.5,1,0.0,0.0,0.0,0.0,0.0,0.0,0.0,0.0,0.0,0.0,0.0
156,Aditya Tare,Mumbai Indians,WICKET KEEPER,6.5,1,0.0,0.0,0.0,0.0,0.0,0.0,0.0,0.0,0.0,0.0,0.0
157,Pravin Dubey,Delhi Capitals,BOWLER,6.5,1,0.0,0.0,0.0,0.0,0.0,0.0,0.0,0.0,0.0,0.0,0.0
158,Jalaj Saxena,Punjab Kings,ALL ROUNDER,6.5,1,0.0,0.0,0.0,0.0,0.0,0.0,0.0,0.0,0.0,0.0,0.0
159,Abhishek Sharma,Sunrisers Hyderabad,BATSMAN,6.5,1,32.88,40.8,19.67,60.5,0.0,25.0,0.0,19.0,0.0,29.0,5.06
160,Akash Singh,Rajasthan Royals,BOWLER,6.5,1,0.0,0.0,0.0,0.0,0.0,0.0,0.0,0.0,0.0,0.0,0.0
161,Pawan Negi,Kolkata Knight Riders,ALL ROUNDER,6.5,0,0.0,0.0,0.0,0.0,0.0,0.0,0.0,0.0,0.0,0.0,0.0
162,Mahipal Lomror,Rajasthan Royals,BATSMAN,6.5,1,36.5,21.0,41.67,21.0,0.0,0.0,0.0,41.67,0.0,0.0,5.62
163,Shahbaz Ahmed,Royal Challengers Bangalore,ALL ROUNDER,6.5,1,27.09,21.5,33.8,20.0,46.0,40.0,0.0,18.33,8.0,24.5,4.17
164,Shahrukh Khan,Punjab Kings,BATSMAN,6.5,1,20.18,16.5,22.29,0.0,11.67,13.0,0.0,22.5,31.67,21.0,3.1
165,Sachin Baby,Royal Challengers Bangalore,ALL ROUNDER,6.5,1,1.0,0.0,1.0,1.0,0.0,0.0,0.0,0.0,0.0,0.0,0.15
166,Narayan Jagadeesan,Chennai Super Kings,WICKET KEEPER,6.5,1,0.0,0.0,0.0,0.0,0.0,0.0,0.0,0.0,0.0,0.0,0.0
167,Basil Thampi,Sunrisers Hyderabad,BOWLER,6.5,1,0.0,0.0,0.0,0.0,0.0,0.0,0.0,0.0,0.0,0.0,0.0
168,Rajat Patidar,Royal Challengers Bangalore,BATSMAN,6.5,1,25.5,30.0,21.0,0.0,44.0,7.0,0.0,0.0,0.0,0.0,3.92
169,Abdul Samad,Sunrisers Hyderabad,BATSMAN,6.5,1,20.0,16.43,26.25,13.5,0.0,15.67,8.0,30.33,0.0,23.5,3.08
170,Finn Allen,Royal Challengers Bangalore,WICKET KEEPER,6.5,0,0.0,0.0,0.0,0.0,0.0,0.0,0.0,0.0,0.0,0.0,0.0
171,Mohammed Azharuddeen,Royal Challengers Bangalore,WICKET KEEPER,6.5,1,0.0,0.0,0.0,0.0,0.0,0.0,0.0,0.0,0.0,0.0,0.0
172,Vishnu Vinod,Delhi Capitals,WICKET KEEPER,6.0,1,0.0,0.0,0.0,0.0,0.0,0.0,0.0,0.0,0.0,0.0,0.0
173,Utkarsh Singh,Punjab Kings,ALL ROUNDER,6.0,1,0.0,0.0,0.0,0.0,0.0,0.0,0.0,0.0,0.0,0.0,0.0
174,Anuj Rawat,Rajasthan Royals,WICKET KEEPER,6.0,1,12.0,0.0,24.0,0.0,0.0,0.0,24.0,0.0,0.0,0.0,2.0
175,Venkatesh Iyer,Kolkata Knight Riders,ALL ROUNDER,6.0,1,57.5,54.6,62.33,56.0,0.0,0.0,0.0,64.5,0.0,54.33,9.58
176,Prabhsimran Singh,Punjab Kings,WICKET KEEPER,6.0,1,11.0,0.0,11.0,0.0,11.0,0.0,0.0,0.0,0.0,0.0,1.83
177,Lalith Yadav,Delhi Capitals,ALL ROUNDER,6.0,1,35.29,39.0,30.33,15.0,40.0,62.0,0.0,0.0,26.5,37.0,5.88
178,Darshan Nalkande,Punjab Kings,BOWLER,6.0,1,0.0,0.0,0.0,0.0,0.0,0.0,0.0,0.0,0.0,0.0,0.0
179,Chetan Sakariya,Rajasthan Royals,BOWLER,6.0,1,30.36,45.57,15.14,41.5,0.0,0.0,5.0,20.0,39.8,36.5,5.06
180,Jagadeesha Suchith,Sunrisers Hyderabad,BOWLER,6.0,1,3.0,12.0,-6.0,0.0,0.0,12.0,-6.0,0.0,0.0,0.0,0.5
181,C Hari Nishaanth,Chennai Super Kings,BATSMAN,6.0,1,0.0,0.0,0.0,0.0,0.0,0.0,0.0,0.0,0.0,0.0,0.0
182,KS Bharat,Royal Challengers Bangalore,WICKET KEEPER,6.0,1,0.0,0.0,0.0,0.0,0.0,0.0,0.0,0.0,0.0,0.0,0.0
183,Harishankar Reddy,Chennai Super Kings,BOWLER,6.0,1,0.0,0.0,0.0,0.0,0.0,0.0,0.0,0.0,0.0,0.0,0.0
184,Anukul Roy,Mumbai Indians,ALL ROUNDER,6.0,1,0.0,0.0,0.0,0.0,0.0,0.0,0.0,0.0,0.0,0.0,0.0
185,Sreevats Goswami,Sunrisers Hyderabad,WICKET KEEPER,6.0,1,0.0,0.0,0.0,0.0,0.0,0.0,0.0,0.0,0.0,0.0,0.0
186,Suyash Prabhudessai,Royal Challengers Bangalore,BATSMAN,6.0,1,0.0,0.0,0.0,0.0,0.0,0.0,0.0,0.0,0.0,0.0,0.0
187,Anmolpreet Singh,Mumbai Indians,BATSMAN,6.0,1,20.0,20.0,0.0,0.0,0.0,0.0,0.0,20.0,0.0,0.0,3.33
188,Pavan Deshpande,Royal Challengers Bangalore,BATSMAN,6.0,1,0.0,0.0,0.0,0.0,0.0,0.0,0.0,0.0,0.0,0.0,0.0
189,Bhagath Varma,Chennai Super Kings,ALL ROUNDER,5.5,1,0.0,0.0,0.0,0.0,0.0,0.0,0.0,0.0,0.0,0.0,0.0
190,Saurabh Kumar,Punjab Kings,BOWLER,5.5,1,0.0,0.0,0.0,0.0,0.0,0.0,0.0,0.0,0.0,0.0,0.0
191,Manimaran Siddharth,Delhi Capitals,BOWLER,5.5,1,0.0,0.0,0.0,0.0,0.0,0.0,0.0,0.0,0.0,0.0,0.0
192,Ripal Patel,Delhi Capitals,BOWLER,5.5,1,18.0,28.0,8.0,0.0,0.0,0.0,0.0,18.0,0.0,0.0,3.27
193,Vaibhav Arora,Kolkata Knight Riders,BOWLER,5.5,1,0.0,0.0,0.0,0.0,0.0,0.0,0.0,0.0,0.0,0.0,0.0
194,Yudhvir Charak,Mumbai Indians,BOWLER,5.5,1,0.0,0.0,0.0,0.0,0.0,0.0,0.0,0.0,0.0,0.0,0.0
195,Mohsin Khan,Mumbai Indians,BOWLER,5.5,1,0.0,0.0,0.0,0.0,0.0,0.0,0.0,0.0,0.0,0.0,0.0
196,Arjun Tendulkar,Mumbai Indians,ALL ROUNDER,5.5,1,0.0,0.0,0.0,0.0,0.0,0.0,0.0,0.0,0.0,0.0,0.0
197,Kuldip Yadav,Rajasthan Royals,BOWLER,5.5,1,0.0,0.0,0.0,0.0,0.0,0.0,0.0,0.0,0.0,0.0,0.0
